Data do Lead,ID_Lead,Qual a sua área de atuação?,Qual o seu cargo atual?,Quais seus objetivos com o curso?,Como você conheceu a escola?,Conversão
9/1/22,1511,Mercado Financeiro,Analista,Melhorar minha carreira e ganhar mais,Indicação,0
9/3/22,1504,Comercial / Vendas,Estou desempregado(a) no momento,Melhorar minha carreira e ganhar mais,Indicação,0
9/4/22,1659,Logística,Estou desempregado(a) no momento,Melhorar minha carreira e ganhar mais,Indicação,0
9/7/22,1592,Mercado Financeiro,Estudante,Melhorar minha carreira e ganhar mais,Indicação,1
9/8/22,2124,Comercial / Vendas,Analista,Melhorar minha carreira e ganhar mais,Indicação,0
9/8/22,2340,Mercado Financeiro,Estudante,Melhorar minha carreira e ganhar mais,Indicação,0
9/8/22,1728,Mercado Financeiro,Analista,Melhorar minha carreira e ganhar mais,Indicação,0
9/8/22,2239,Mercado Financeiro,Estou desempregado(a) no momento,Melhorar minha carreira e ganhar mais,Indicação,1
9/8/22,1890,Mercado Financeiro,Estou desempregado(a) no momento,Melhorar minha carreira e ganhar mais,Indicação,0
9/10/22,1657,Mercado Financeiro,Analista,Melhorar minha carreira e ganhar mais,Indicação,1
9/10/22,3007,Mercado Financeiro,Analista,Melhorar minha carreira e ganhar mais,Indicação,0
9/12/22,1888,Mercado Financeiro,Estou desempregado(a) no momento,Melhorar minha carreira e ganhar mais,Indicação,1
9/12/22,3022,Mercado Financeiro,Analista,Melhorar minha carreira e ganhar mais,Indicação,0
9/13/22,1619,Logística,Estou desempregado(a) no momento,Melhorar minha carreira e ganhar mais,Indicação,0
9/14/22,1760,Comercial / Vendas,Estou desempregado(a) no momento,Melhorar minha carreira e ganhar mais,Indicação,0
9/15/22,2153,Mercado Financeiro,Analista,Melhorar minha carreira e ganhar mais,Indicação,1
9/15/22,1590,Comercial / Vendas,Analista,Melhorar minha carreira e ganhar mais,Indicação,0
9/18/22,1658,Mercado Financeiro,Estou desempregado(a) no momento,Melhorar minha carreira e ganhar mais,Indicação,0
9/20/22,1586,Logística,Analista,Melhorar minha carreira e ganhar mais,Indicação,0
9/20/22,1604,Mercado Financeiro,Analista,Melhorar minha carreira e ganhar mais,Indicação,1
9/21/22,1545,Mercado Financeiro,Estou desempregado(a) no momento,Melhorar minha carreira e ganhar mais,Indicação,1
9/22/22,1534,Mercado Financeiro,Analista,Melhorar minha carreira e ganhar mais,Indicação,1
9/22/22,1671,Mercado Financeiro,Analista,Melhorar minha carreira e ganhar mais,Indicação,1
9/22/22,1541,Mercado Financeiro,Estudante,Melhorar minha carreira e ganhar mais,Indicação,1
9/23/22,1656,Mercado Financeiro,Analista,Melhorar minha carreira e ganhar mais,Indicação,0
9/23/22,1597,Mercado Financeiro,Analista,Melhorar minha carreira e ganhar mais,Indicação,1
9/27/22,1576,Mercado Financeiro,Estou desempregado(a) no momento,Melhorar minha carreira e ganhar mais,Indicação,1
10/1/22,1706,Comercial / Vendas,Estou desempregado(a) no momento,Melhorar minha carreira e ganhar mais,Indicação,1
10/1/22,1632,Mercado Financeiro,Estou desempregado(a) no momento,Melhorar minha carreira e ganhar mais,Indicação,0
10/2/22,1733,Logística,Estou desempregado(a) no momento,Melhorar minha carreira e ganhar mais,Indicação,0
10/2/22,1631,Mercado Financeiro,Estou desempregado(a) no momento,Melhorar minha carreira e ganhar mais,Indicação,1
10/3/22,1734,Logística,Estou desempregado(a) no momento,Melhorar minha carreira e ganhar mais,Indicação,0
10/5/22,1630,Comercial / Vendas,Estou desempregado(a) no momento,Melhorar minha carreira e ganhar mais,Indicação,0
10/5/22,1651,Mercado Financeiro,Analista,Melhorar minha carreira e ganhar mais,Indicação,1
10/6/22,1795,Mercado Financeiro,Estou desempregado(a) no momento,Melhorar minha carreira e ganhar mais,Indicação,0
10/7/22,1638,Comercial / Vendas,Analista,Melhorar minha carreira e ganhar mais,Indicação,0
10/8/22,1639,Mercado Financeiro,Estou desempregado(a) no momento,Melhorar minha carreira e ganhar mais,Indicação,0
10/8/22,1593,Mercado Financeiro,Estou desempregado(a) no momento,Melhorar minha carreira e ganhar mais,Indicação,1
10/9/22,2056,Mercado Financeiro,Analista,Melhorar minha carreira e ganhar mais,Indicação,0
10/9/22,1666,Mercado Financeiro,Estou desempregado(a) no momento,Melhorar minha carreira e ganhar mais,Indicação,0
10/9/22,1796,Mercado Financeiro,Estou desempregado(a) no momento,Melhorar minha carreira e ganhar mais,Indicação,1
10/10/22,1797,Logística,Analista,Melhorar minha carreira e ganhar mais,Indicação,0
10/10/22,1676,Mercado Financeiro,Estou desempregado(a) no momento,Melhorar minha carreira e ganhar mais,Indicação,0
10/11/22,1669,Mercado Financeiro,Analista,Melhorar minha carreira e ganhar mais,Indicação,1
10/11/22,2263,Mercado Financeiro,Analista,Melhorar minha carreira e ganhar mais,Indicação,0
10/12/22,1798,Comercial / Vendas,Estou desempregado(a) no momento,Melhorar minha carreira e ganhar mais,Indicação,0
10/12/22,1799,Mercado Financeiro,Analista,Melhorar minha carreira e ganhar mais,Indicação,0
10/12/22,1521,Mercado Financeiro,Analista,Melhorar minha carreira e ganhar mais,Indicação,0
10/12/22,1599,Logística,Estou desempregado(a) no momento,Melhorar minha carreira e ganhar mais,Indicação,1
10/13/22,1843,Mercado Financeiro,Estou desempregado(a) no momento,Melhorar minha carreira e ganhar mais,Indicação,1
10/13/22,1844,Comercial / Vendas,Estou desempregado(a) no momento,Melhorar minha carreira e ganhar mais,Indicação,0
10/18/22,1845,Logística,Estou desempregado(a) no momento,Melhorar minha carreira e ganhar mais,Indicação,0
10/18/22,1846,Mercado Financeiro,Estou desempregado(a) no momento,Melhorar minha carreira e ganhar mais,Indicação,1
10/20/22,1858,Comercial / Vendas,Estou desempregado(a) no momento,Melhorar minha carreira e ganhar mais,Indicação,1
10/20/22,1708,Mercado Financeiro,Estou desempregado(a) no momento,Melhorar minha carreira e ganhar mais,Indicação,0
10/21/22,1859,Logística,Analista,Melhorar minha carreira e ganhar mais,Instagram,0
10/21/22,1785,Mercado Financeiro,Estudante,Melhorar minha carreira e ganhar mais,Facebook,0
10/22/22,2235,Logística,Estudante,Melhorar minha carreira e ganhar mais,Instagram,0
10/22/22,2204,Comercial / Vendas,Estudante,Melhorar minha carreira e ganhar mais,Facebook,0
10/23/22,1689,Mercado Financeiro,Coordenador(a) / Gerente,Melhorar minha carreira e ganhar mais,Instagram,0
10/23/22,2994,Comercial / Vendas,Coordenador(a) / Gerente,Melhorar minha carreira e ganhar mais,Instagram,0
10/23/22,1869,Comercial / Vendas,Analista,Melhorar minha carreira e ganhar mais,Instagram,1
10/24/22,1717,Comercial / Vendas,Estudante,Melhorar minha carreira e ganhar mais,Instagram,0
10/24/22,1755,Comercial / Vendas,Estou desempregado(a) no momento,Melhorar minha carreira e ganhar mais,Instagram,0
10/24/22,2493,Logística,Coordenador(a) / Gerente,Melhorar minha carreira e ganhar mais,Indicação,0
10/25/22,2017,Comercial / Vendas,Analista,Melhorar minha carreira e ganhar mais,Facebook,0
10/25/22,2777,Pessoas / Recursos Humanos,Coordenador(a) / Gerente,Melhorar minha carreira e ganhar mais,Instagram,0
10/25/22,1675,Comercial / Vendas,Analista,Melhorar minha carreira e ganhar mais,Instagram,0
10/26/22,1710,Logística,Coordenador(a) / Gerente,Melhorar minha carreira e ganhar mais,Instagram,0
10/26/22,2059,Comercial / Vendas,Estou desempregado(a) no momento,Melhorar minha carreira e ganhar mais,Facebook,0
10/27/22,1802,Comercial / Vendas,Estudante,Melhorar minha carreira e ganhar mais,Instagram,0
10/27/22,3146,Logística,Coordenador(a) / Gerente,Melhorar minha carreira e ganhar mais,Instagram,0
10/28/22,1998,Comercial / Vendas,Estou desempregado(a) no momento,Melhorar minha carreira e ganhar mais,Instagram,1
10/28/22,2369,Comercial / Vendas,Estou desempregado(a) no momento,Melhorar minha carreira e ganhar mais,Instagram,0
10/29/22,1855,Comercial / Vendas,Estudante,Melhorar minha carreira e ganhar mais,Instagram,0
10/29/22,3147,Comercial / Vendas,Estudante,Melhorar minha carreira e ganhar mais,Facebook,0
10/30/22,1750,Logística,Coordenador(a) / Gerente,Melhorar minha carreira e ganhar mais,Instagram,0
10/30/22,1751,Logística,Analista,Melhorar minha carreira e ganhar mais,Instagram,0
10/31/22,1699,Mercado Financeiro,Estudante,Melhorar minha carreira e ganhar mais,Instagram,1
10/31/22,1583,Logística,Estou desempregado(a) no momento,Melhorar minha carreira e ganhar mais,Indicação,0
10/31/22,1792,Comercial / Vendas,Analista,Melhorar minha carreira e ganhar mais,Instagram,0
10/31/22,1985,Pessoas / Recursos Humanos,Coordenador(a) / Gerente,Melhorar minha carreira e ganhar mais,Facebook,0
10/31/22,2057,Logística,Estou desempregado(a) no momento,Melhorar minha carreira e ganhar mais,Instagram,0
11/1/22,1994,Pessoas / Recursos Humanos,Analista,Melhorar minha carreira e ganhar mais,Instagram,1
11/1/22,1861,Pessoas / Recursos Humanos,Coordenador(a) / Gerente,Melhorar minha carreira e ganhar mais,Instagram,0
11/1/22,2714,Comercial / Vendas,Estou desempregado(a) no momento,Melhorar minha carreira e ganhar mais,Instagram,1
11/2/22,2220,Logística,Coordenador(a) / Gerente,Melhorar minha carreira e ganhar mais,Instagram,0
11/2/22,1789,Comercial / Vendas,Analista,Melhorar minha carreira e ganhar mais,Instagram,0
11/2/22,2974,Comercial / Vendas,Analista,Melhorar minha carreira e ganhar mais,Instagram,0
11/3/22,1766,Logística,Estou desempregado(a) no momento,Melhorar minha carreira e ganhar mais,Instagram,1
11/3/22,2401,Comercial / Vendas,Estudante,Apenas ver se agrega algo ao currículo,Instagram,0
11/3/22,2809,Logística,Estudante,Melhorar minha carreira e ganhar mais,Facebook,0
11/4/22,2107,Mercado Financeiro,Coordenador(a) / Gerente,Apenas ver se agrega algo ao currículo,Facebook,1
11/4/22,2810,Logística,Coordenador(a) / Gerente,Melhorar minha carreira e ganhar mais,Instagram,0
11/4/22,2341,Logística,Analista,Apenas ver se agrega algo ao currículo,Indicação,0
11/5/22,2811,Logística,Analista,Melhorar minha carreira e ganhar mais,Instagram,0
11/5/22,1864,Comercial / Vendas,Estou desempregado(a) no momento,Melhorar minha carreira e ganhar mais,Instagram,0
11/6/22,1867,Comercial / Vendas,Coordenador(a) / Gerente,Melhorar minha carreira e ganhar mais,Instagram,1
11/6/22,1896,Logística,Coordenador(a) / Gerente,Melhorar minha carreira e ganhar mais,Facebook,0
11/6/22,2294,Comercial / Vendas,Analista,Apenas ver se agrega algo ao currículo,Facebook,0
11/6/22,1856,Logística,Analista,Apenas ver se agrega algo ao currículo,Instagram,0
11/7/22,2431,Logística,Estou desempregado(a) no momento,Apenas ver se agrega algo ao currículo,Facebook,0
11/8/22,2503,Logística,Estudante,Melhorar minha carreira e ganhar mais,Indicação,0
11/8/22,1853,Comercial / Vendas,Analista,Apenas ver se agrega algo ao currículo,Instagram,0
11/8/22,2142,Comercial / Vendas,Analista,Melhorar minha carreira e ganhar mais,Instagram,1
11/8/22,2222,Comercial / Vendas,Analista,Melhorar minha carreira e ganhar mais,Indicação,0
11/9/22,2877,Pessoas / Recursos Humanos,Analista,Melhorar minha carreira e ganhar mais,Indicação,0
11/9/22,2882,Mercado Financeiro,Estou desempregado(a) no momento,Apenas ver se agrega algo ao currículo,Instagram,1
11/9/22,1866,Comercial / Vendas,Analista,Melhorar minha carreira e ganhar mais,Indicação,1
11/10/22,1884,Logística,Analista,Melhorar minha carreira e ganhar mais,Instagram,0
11/11/22,2001,Pessoas / Recursos Humanos,Coordenador(a) / Gerente,Apenas ver se agrega algo ao currículo,Instagram,0
11/11/22,1883,Logística,Analista,Melhorar minha carreira e ganhar mais,Instagram,0
11/11/22,2533,Comercial / Vendas,Coordenador(a) / Gerente,Melhorar minha carreira e ganhar mais,Instagram,0
11/11/22,2143,Logística,Coordenador(a) / Gerente,Melhorar minha carreira e ganhar mais,Indicação,0
11/11/22,2444,Logística,Coordenador(a) / Gerente,Apenas ver se agrega algo ao currículo,Facebook,0
11/12/22,1947,Logística,Analista,Apenas ver se agrega algo ao currículo,Instagram,0
11/12/22,2816,Logística,Analista,Apenas ver se agrega algo ao currículo,Instagram,1
11/12/22,2011,Comercial / Vendas,Analista,Melhorar minha carreira e ganhar mais,Instagram,0
11/13/22,2878,Comercial / Vendas,Analista,Melhorar minha carreira e ganhar mais,Instagram,0
11/13/22,1842,Comercial / Vendas,Estudante,Melhorar minha carreira e ganhar mais,Instagram,1
11/13/22,2128,Comercial / Vendas,Estou desempregado(a) no momento,Apenas ver se agrega algo ao currículo,Instagram,0
11/13/22,2127,Comercial / Vendas,Estou desempregado(a) no momento,Melhorar minha carreira e ganhar mais,Instagram,0
11/14/22,1940,Comercial / Vendas,Estou desempregado(a) no momento,Melhorar minha carreira e ganhar mais,Instagram,0
11/14/22,2375,Logística,Coordenador(a) / Gerente,Melhorar minha carreira e ganhar mais,Instagram,0
11/14/22,1839,Logística,Analista,Apenas ver se agrega algo ao currículo,Facebook,0
11/14/22,2139,Comercial / Vendas,Analista,Apenas ver se agrega algo ao currículo,Instagram,0
11/14/22,2376,Logística,Coordenador(a) / Gerente,Apenas ver se agrega algo ao currículo,Instagram,0
11/14/22,2377,Comercial / Vendas,Analista,Melhorar minha carreira e ganhar mais,Indicação,1
11/15/22,1953,Logística,Estudante,Melhorar minha carreira e ganhar mais,Instagram,0
11/15/22,2448,Logística,Coordenador(a) / Gerente,Melhorar minha carreira e ganhar mais,Instagram,0
11/15/22,2002,Logística,Coordenador(a) / Gerente,Apenas ver se agrega algo ao currículo,Instagram,0
11/16/22,2508,Pessoas / Recursos Humanos,Coordenador(a) / Gerente,Melhorar minha carreira e ganhar mais,Instagram,0
11/16/22,2019,Logística,Coordenador(a) / Gerente,Apenas ver se agrega algo ao currículo,Instagram,1
11/17/22,2303,Comercial / Vendas,Estudante,Melhorar minha carreira e ganhar mais,Instagram,0
11/17/22,2022,Comercial / Vendas,Analista,Melhorar minha carreira e ganhar mais,Instagram,1
11/18/22,1969,Comercial / Vendas,Coordenador(a) / Gerente,Apenas ver se agrega algo ao currículo,Instagram,0
11/18/22,1984,Comercial / Vendas,Estudante,Apenas ver se agrega algo ao currículo,Instagram,0
11/20/22,2737,Logística,Analista,Apenas ver se agrega algo ao currículo,Instagram,0
11/20/22,2388,Pessoas / Recursos Humanos,Coordenador(a) / Gerente,Melhorar minha carreira e ganhar mais,Instagram,0
11/20/22,2738,Mercado Financeiro,Coordenador(a) / Gerente,Melhorar minha carreira e ganhar mais,Conta Salário,0
11/22/22,2739,Logística,Coordenador(a) / Gerente,Melhorar minha carreira e ganhar mais,Instagram,0
11/22/22,2740,Mercado Financeiro,Coordenador(a) / Gerente,Apenas ver se agrega algo ao currículo,Instagram,0
11/23/22,1794,Logística,Analista,Apenas ver se agrega algo ao currículo,Instagram,0
11/23/22,1818,Comercial / Vendas,Analista,Melhorar minha carreira e ganhar mais,Indicação,0
11/24/22,2031,Mercado Financeiro,Coordenador(a) / Gerente,Apenas ver se agrega algo ao currículo,Instagram,0
11/27/22,1912,Comercial / Vendas,Coordenador(a) / Gerente,Melhorar minha carreira e ganhar mais,Instagram,1
11/29/22,1932,Logística,Analista,Apenas ver se agrega algo ao currículo,Instagram,0
11/30/22,2048,Logística,Coordenador(a) / Gerente,Melhorar minha carreira e ganhar mais,Instagram,0
11/30/22,2047,Comercial / Vendas,Analista,Melhorar minha carreira e ganhar mais,Indicação,0
12/1/22,2978,Logística,Analista,Melhorar minha carreira e ganhar mais,Conta Salário,0
12/2/22,2515,Logística,Estou desempregado(a) no momento,Melhorar minha carreira e ganhar mais,Instagram,1
12/3/22,2827,Logística,Coordenador(a) / Gerente,Melhorar minha carreira e ganhar mais,Instagram,0
12/3/22,2217,Comercial / Vendas,Coordenador(a) / Gerente,Apenas ver se agrega algo ao currículo,Facebook,0
12/3/22,2407,Comercial / Vendas,Estudante,Melhorar minha carreira e ganhar mais,Instagram,1
12/3/22,2193,Logística,Analista,Melhorar minha carreira e ganhar mais,Instagram,0
12/3/22,2367,Comercial / Vendas,Estudante,Apenas ver se agrega algo ao currículo,Facebook,0
12/4/22,2237,Comercial / Vendas,Estudante,Melhorar minha carreira e ganhar mais,Instagram,0
12/4/22,1560,Comercial / Vendas,Analista,Melhorar minha carreira e ganhar mais,Instagram,1
12/4/22,1705,Logística,Coordenador(a) / Gerente,Melhorar minha carreira e ganhar mais,Instagram,0
12/4/22,2312,Comercial / Vendas,Analista,Apenas ver se agrega algo ao currículo,Instagram,0
12/5/22,3314,Logística,Analista,Melhorar minha carreira e ganhar mais,Instagram,0
12/6/22,3315,Logística,Analista,Melhorar minha carreira e ganhar mais,Instagram,0
12/6/22,2761,Comercial / Vendas,Coordenador(a) / Gerente,Apenas ver se agrega algo ao currículo,Indicação,0
12/6/22,2253,Mercado Financeiro,Coordenador(a) / Gerente,Melhorar minha carreira e ganhar mais,Instagram,0
12/7/22,2426,Comercial / Vendas,Coordenador(a) / Gerente,Apenas ver se agrega algo ao currículo,Instagram,0
12/7/22,2494,Logística,Analista,Apenas ver se agrega algo ao currículo,Instagram,0
12/8/22,2430,Pessoas / Recursos Humanos,Analista,Melhorar minha carreira e ganhar mais,Instagram,0
12/9/22,2568,Logística,Coordenador(a) / Gerente,Melhorar minha carreira e ganhar mais,Instagram,0
12/9/22,1642,Comercial / Vendas,Coordenador(a) / Gerente,Melhorar minha carreira e ganhar mais,Instagram,0
12/9/22,2746,Comercial / Vendas,Coordenador(a) / Gerente,Melhorar minha carreira e ganhar mais,Instagram,1
12/9/22,2422,Logística,Analista,Apenas ver se agrega algo ao currículo,Google,0
12/10/22,2645,Comercial / Vendas,Estou desempregado(a) no momento,Apenas ver se agrega algo ao currículo,Instagram,0
12/11/22,2865,Mercado Financeiro,Analista,Melhorar minha carreira e ganhar mais,Instagram,0
12/11/22,2864,Comercial / Vendas,Analista,Melhorar minha carreira e ganhar mais,Instagram,0
12/11/22,2307,Logística,Estou desempregado(a) no momento,Apenas ver se agrega algo ao currículo,Instagram,1
12/11/22,3316,Comercial / Vendas,Analista,Melhorar minha carreira e ganhar mais,Instagram,0
12/11/22,2338,Logística,Coordenador(a) / Gerente,Apenas ver se agrega algo ao currículo,Facebook,0
12/11/22,2506,Logística,Coordenador(a) / Gerente,Apenas ver se agrega algo ao currículo,Instagram,0
12/13/22,2403,Comercial / Vendas,Analista,Melhorar minha carreira e ganhar mais,Instagram,0
12/13/22,2352,Pessoas / Recursos Humanos,Analista,Melhorar minha carreira e ganhar mais,Instagram,0
12/13/22,2959,Mercado Financeiro,Estudante,Melhorar minha carreira e ganhar mais,Instagram,1
12/14/22,2368,Logística,Coordenador(a) / Gerente,Melhorar minha carreira e ganhar mais,Instagram,0
12/14/22,2371,Comercial / Vendas,Estudante,Melhorar minha carreira e ganhar mais,Instagram,0
12/16/22,2395,Comercial / Vendas,Estou desempregado(a) no momento,Melhorar minha carreira e ganhar mais,Instagram,0
12/16/22,2394,Comercial / Vendas,Estudante,Melhorar minha carreira e ganhar mais,Instagram,0
12/16/22,2392,Mercado Financeiro,Estudante,Melhorar minha carreira e ganhar mais,Instagram,1
12/16/22,1878,Logística,Coordenador(a) / Gerente,Melhorar minha carreira e ganhar mais,Facebook,0
12/17/22,2481,Mercado Financeiro,Analista,Melhorar minha carreira e ganhar mais,Facebook,0
12/17/22,1841,Comercial / Vendas,Coordenador(a) / Gerente,Melhorar minha carreira e ganhar mais,Instagram,0
12/19/22,1921,Logística,Coordenador(a) / Gerente,Melhorar minha carreira e ganhar mais,Instagram,0
12/20/22,2988,Comercial / Vendas,Estudante,Apenas ver se agrega algo ao currículo,Instagram,1
12/20/22,1670,Logística,Analista,Melhorar minha carreira e ganhar mais,Conta Salário,0
12/21/22,2456,Logística,Estudante,Apenas ver se agrega algo ao currículo,Facebook,0
12/21/22,2793,Comercial / Vendas,Estou desempregado(a) no momento,Melhorar minha carreira e ganhar mais,Instagram,0
12/21/22,2474,Comercial / Vendas,Analista,Melhorar minha carreira e ganhar mais,Instagram,0
12/21/22,2354,Logística,Coordenador(a) / Gerente,Apenas ver se agrega algo ao currículo,Instagram,0
12/21/22,2453,Mercado Financeiro,Estudante,Apenas ver se agrega algo ao currículo,Instagram,0
12/22/22,2384,Comercial / Vendas,Estou desempregado(a) no momento,Apenas ver se agrega algo ao currículo,Indicação,0
12/22/22,2460,Mercado Financeiro,Analista,Melhorar minha carreira e ganhar mais,Instagram,0
12/22/22,2187,Comercial / Vendas,Coordenador(a) / Gerente,Melhorar minha carreira e ganhar mais,Instagram,0
12/22/22,2259,Logística,Analista,Melhorar minha carreira e ganhar mais,Google,0
12/22/22,2487,Comercial / Vendas,Estudante,Apenas ver se agrega algo ao currículo,Facebook,0
12/22/22,2469,Logística,Analista,Melhorar minha carreira e ganhar mais,Instagram,0
12/22/22,1924,Logística,Coordenador(a) / Gerente,Melhorar minha carreira e ganhar mais,Instagram,0
12/22/22,2466,Pessoas / Recursos Humanos,Coordenador(a) / Gerente,Melhorar minha carreira e ganhar mais,Instagram,0
12/23/22,2412,Logística,Coordenador(a) / Gerente,Melhorar minha carreira e ganhar mais,Instagram,0
12/23/22,2475,Logística,Coordenador(a) / Gerente,Melhorar minha carreira e ganhar mais,Instagram,0
12/23/22,2476,Comercial / Vendas,Analista,Melhorar minha carreira e ganhar mais,Instagram,0
12/23/22,2478,Logística,Coordenador(a) / Gerente,Melhorar minha carreira e ganhar mais,Instagram,0
12/24/22,2482,Logística,Analista,Apenas ver se agrega algo ao currículo,Instagram,0
12/24/22,2485,Comercial / Vendas,Analista,Apenas ver se agrega algo ao currículo,Instagram,0
12/25/22,2488,Logística,Estou desempregado(a) no momento,Apenas ver se agrega algo ao currículo,Instagram,0
12/25/22,3192,Comercial / Vendas,Analista,Apenas ver se agrega algo ao currículo,Instagram,0
12/26/22,2499,Logística,Analista,Melhorar minha carreira e ganhar mais,Instagram,0
12/26/22,2209,Logística,Analista,Melhorar minha carreira e ganhar mais,Facebook,0
12/27/22,2504,Comercial / Vendas,Coordenador(a) / Gerente,Apenas ver se agrega algo ao currículo,Indicação,0
12/27/22,2510,Mercado Financeiro,Estudante,Apenas ver se agrega algo ao currículo,Instagram,0
12/27/22,3317,Logística,Analista,Melhorar minha carreira e ganhar mais,Instagram,0
12/27/22,2251,Logística,Analista,Melhorar minha carreira e ganhar mais,Indicação,1
12/27/22,2579,Comercial / Vendas,Analista,Apenas ver se agrega algo ao currículo,Instagram,0
12/27/22,1681,Logística,Estou desempregado(a) no momento,Melhorar minha carreira e ganhar mais,Instagram,0
12/27/22,2524,Comercial / Vendas,Estudante,Melhorar minha carreira e ganhar mais,Instagram,0
12/27/22,2525,Comercial / Vendas,Analista,Apenas ver se agrega algo ao currículo,Indicação,0
12/28/22,2529,Logística,Estudante,Melhorar minha carreira e ganhar mais,Instagram,0
12/28/22,2530,Logística,Coordenador(a) / Gerente,Melhorar minha carreira e ganhar mais,Instagram,0
12/28/22,3318,Comercial / Vendas,Analista,Melhorar minha carreira e ganhar mais,Instagram,0
12/28/22,3319,Mercado Financeiro,Analista,Melhorar minha carreira e ganhar mais,Instagram,0
12/28/22,2572,Comercial / Vendas,Coordenador(a) / Gerente,Apenas ver se agrega algo ao currículo,Facebook,0
12/28/22,2535,Logística,Estou desempregado(a) no momento,Apenas ver se agrega algo ao currículo,Instagram,0
12/29/22,2110,Logística,Coordenador(a) / Gerente,Melhorar minha carreira e ganhar mais,Instagram,0
12/29/22,2541,Comercial / Vendas,Coordenador(a) / Gerente,Melhorar minha carreira e ganhar mais,Instagram,0
12/29/22,2544,Comercial / Vendas,Coordenador(a) / Gerente,Melhorar minha carreira e ganhar mais,Instagram,0
12/29/22,2321,Logística,Estudante,Melhorar minha carreira e ganhar mais,Instagram,0
12/29/22,2551,Logística,Coordenador(a) / Gerente,Apenas ver se agrega algo ao currículo,Indicação,0
12/29/22,2173,Logística,Analista,Apenas ver se agrega algo ao currículo,Instagram,0
12/29/22,2552,Logística,Analista,Melhorar minha carreira e ganhar mais,Instagram,0
12/30/22,2566,Mercado Financeiro,Estudante,Apenas ver se agrega algo ao currículo,Conta Salário,0
12/30/22,2803,Pessoas / Recursos Humanos,Estudante,Apenas ver se agrega algo ao currículo,Instagram,1
12/30/22,1970,Comercial / Vendas,Estudante,Melhorar minha carreira e ganhar mais,Instagram,0
12/30/22,2574,Logística,Analista,Melhorar minha carreira e ganhar mais,Instagram,0
1/2/23,2583,Comercial / Vendas,Estudante,Apenas ver se agrega algo ao currículo,Instagram,0
1/2/23,2587,Pessoas / Recursos Humanos,Coordenador(a) / Gerente,Apenas ver se agrega algo ao currículo,Conta Salário,0
1/2/23,2632,Logística,Analista,Apenas ver se agrega algo ao currículo,Instagram,0
1/2/23,2588,Comercial / Vendas,Coordenador(a) / Gerente,Melhorar minha carreira e ganhar mais,Instagram,0
1/2/23,2867,Comercial / Vendas,Estudante,Melhorar minha carreira e ganhar mais,Instagram,0
1/2/23,2023,Comercial / Vendas,Analista,Apenas ver se agrega algo ao currículo,Indicação,0
1/3/23,2604,Logística,Analista,Apenas ver se agrega algo ao currículo,Instagram,0
1/3/23,2884,Logística,Coordenador(a) / Gerente,Melhorar minha carreira e ganhar mais,Instagram,0
1/3/23,2609,Logística,Analista,Apenas ver se agrega algo ao currículo,Instagram,0
1/3/23,2610,Logística,Coordenador(a) / Gerente,Melhorar minha carreira e ganhar mais,Instagram,0
1/3/23,2733,Logística,Analista,Melhorar minha carreira e ganhar mais,Instagram,0
1/3/23,2578,Logística,Analista,Melhorar minha carreira e ganhar mais,Instagram,0
1/3/23,2613,Mercado Financeiro,Estudante,Melhorar minha carreira e ganhar mais,Instagram,0
1/3/23,2619,Logística,Coordenador(a) / Gerente,Apenas ver se agrega algo ao currículo,Instagram,0
1/3/23,2620,Pessoas / Recursos Humanos,Estudante,Melhorar minha carreira e ganhar mais,Facebook,0
1/4/23,2670,Logística,Analista,Melhorar minha carreira e ganhar mais,Instagram,0
1/4/23,3016,Comercial / Vendas,Analista,Melhorar minha carreira e ganhar mais,Instagram,1
1/4/23,2627,Comercial / Vendas,Estou desempregado(a) no momento,Melhorar minha carreira e ganhar mais,Instagram,0
1/4/23,2629,Logística,Coordenador(a) / Gerente,Melhorar minha carreira e ganhar mais,Instagram,0
1/4/23,2649,Logística,Estou desempregado(a) no momento,Melhorar minha carreira e ganhar mais,Instagram,0
1/4/23,2630,Comercial / Vendas,Coordenador(a) / Gerente,Melhorar minha carreira e ganhar mais,Instagram,0
1/4/23,2419,Comercial / Vendas,Coordenador(a) / Gerente,Melhorar minha carreira e ganhar mais,Facebook,0
1/4/23,2638,Comercial / Vendas,Coordenador(a) / Gerente,Melhorar minha carreira e ganhar mais,Facebook,0
1/5/23,2542,Comercial / Vendas,Coordenador(a) / Gerente,Melhorar minha carreira e ganhar mais,Instagram,0
1/5/23,2646,Comercial / Vendas,Estou desempregado(a) no momento,Melhorar minha carreira e ganhar mais,Instagram,0
1/5/23,2703,Logística,Estou desempregado(a) no momento,Melhorar minha carreira e ganhar mais,Instagram,0
1/5/23,2659,Logística,Estou desempregado(a) no momento,Apenas ver se agrega algo ao currículo,Instagram,0
1/6/23,2668,Comercial / Vendas,Analista,Apenas ver se agrega algo ao currículo,Instagram,0
1/6/23,3252,Comercial / Vendas,Analista,Melhorar minha carreira e ganhar mais,Facebook,0
1/6/23,3025,Logística,Coordenador(a) / Gerente,Apenas ver se agrega algo ao currículo,Instagram,0
1/6/23,3255,Comercial / Vendas,Estou desempregado(a) no momento,Melhorar minha carreira e ganhar mais,Instagram,0
1/6/23,2683,Pessoas / Recursos Humanos,Estudante,Apenas ver se agrega algo ao currículo,Instagram,0
1/6/23,2359,Comercial / Vendas,Analista,Apenas ver se agrega algo ao currículo,Instagram,0
1/6/23,2687,Logística,Coordenador(a) / Gerente,Apenas ver se agrega algo ao currículo,Instagram,0
1/6/23,2688,Comercial / Vendas,Analista,Apenas ver se agrega algo ao currículo,Instagram,0
1/7/23,2690,Comercial / Vendas,Coordenador(a) / Gerente,Melhorar minha carreira e ganhar mais,Instagram,0
1/7/23,3620,Logística,Analista,Apenas ver se agrega algo ao currículo,Instagram,1
1/7/23,2890,Logística,Analista,Melhorar minha carreira e ganhar mais,Facebook,0
1/7/23,1724,Comercial / Vendas,Estudante,Melhorar minha carreira e ganhar mais,Instagram,0
1/7/23,2702,Logística,Coordenador(a) / Gerente,Apenas ver se agrega algo ao currículo,Instagram,0
1/7/23,2710,Comercial / Vendas,Analista,Melhorar minha carreira e ganhar mais,Instagram,0
1/8/23,2347,Logística,Coordenador(a) / Gerente,Melhorar minha carreira e ganhar mais,Instagram,0
1/8/23,2722,Logística,Analista,Melhorar minha carreira e ganhar mais,Indicação,0
1/8/23,2223,Logística,Coordenador(a) / Gerente,Apenas ver se agrega algo ao currículo,Instagram,1
1/8/23,2723,Logística,Coordenador(a) / Gerente,Apenas ver se agrega algo ao currículo,Instagram,0
1/8/23,2724,Comercial / Vendas,Estudante,Apenas ver se agrega algo ao currículo,Instagram,0
1/8/23,2726,Logística,Coordenador(a) / Gerente,Melhorar minha carreira e ganhar mais,Instagram,0
1/8/23,2730,Logística,Analista,Melhorar minha carreira e ganhar mais,Instagram,0
1/8/23,2847,Logística,Analista,Melhorar minha carreira e ganhar mais,Instagram,0
1/9/23,2745,Comercial / Vendas,Analista,Melhorar minha carreira e ganhar mais,Instagram,0
1/10/23,2767,Mercado Financeiro,Estou desempregado(a) no momento,Apenas ver se agrega algo ao currículo,Instagram,0
1/10/23,2593,Comercial / Vendas,Coordenador(a) / Gerente,Apenas ver se agrega algo ao currículo,Google,0
1/11/23,1767,Logística,Coordenador(a) / Gerente,Apenas ver se agrega algo ao currículo,Instagram,0
1/11/23,2379,Comercial / Vendas,Analista,Apenas ver se agrega algo ao currículo,Instagram,0
1/12/23,2894,Mercado Financeiro,Estudante,Melhorar minha carreira e ganhar mais,Instagram,1
1/13/23,3503,Logística,Estou desempregado(a) no momento,Apenas ver se agrega algo ao currículo,Instagram,0
1/13/23,2455,Comercial / Vendas,Estudante,Melhorar minha carreira e ganhar mais,Google,0
1/13/23,2840,Pessoas / Recursos Humanos,Coordenador(a) / Gerente,Melhorar minha carreira e ganhar mais,Instagram,0
1/14/23,2838,Logística,Coordenador(a) / Gerente,Melhorar minha carreira e ganhar mais,Instagram,0
1/14/23,2846,Logística,Estudante,Apenas ver se agrega algo ao currículo,Indicação,0
1/14/23,2918,Comercial / Vendas,Estou desempregado(a) no momento,Melhorar minha carreira e ganhar mais,Instagram,1
1/15/23,3420,Logística,Estou desempregado(a) no momento,Apenas ver se agrega algo ao currículo,Google,0
1/15/23,2109,Logística,Coordenador(a) / Gerente,Apenas ver se agrega algo ao currículo,Instagram,0
1/16/23,2708,Pessoas / Recursos Humanos,Coordenador(a) / Gerente,Melhorar minha carreira e ganhar mais,Instagram,0
1/17/23,2667,Comercial / Vendas,Analista,Apenas ver se agrega algo ao currículo,Instagram,0
1/17/23,2905,Logística,Analista,Melhorar minha carreira e ganhar mais,Instagram,0
1/17/23,2873,Logística,Estou desempregado(a) no momento,Apenas ver se agrega algo ao currículo,Instagram,0
1/17/23,2807,Logística,Estudante,Apenas ver se agrega algo ao currículo,Instagram,0
1/17/23,2880,Comercial / Vendas,Analista,Melhorar minha carreira e ganhar mais,Facebook,0
1/18/23,2879,Comercial / Vendas,Estou desempregado(a) no momento,Melhorar minha carreira e ganhar mais,Instagram,0
1/18/23,2889,Comercial / Vendas,Estou desempregado(a) no momento,Melhorar minha carreira e ganhar mais,Instagram,0
1/18/23,2892,Comercial / Vendas,Analista,Melhorar minha carreira e ganhar mais,Conta Salário,0
1/18/23,2893,Logística,Coordenador(a) / Gerente,Melhorar minha carreira e ganhar mais,Instagram,0
1/20/23,2911,Comercial / Vendas,Estudante,Apenas ver se agrega algo ao currículo,Instagram,0
1/20/23,2912,Comercial / Vendas,Analista,Melhorar minha carreira e ganhar mais,Instagram,0
1/21/23,2920,Logística,Analista,Melhorar minha carreira e ganhar mais,Instagram,0
1/21/23,2930,Logística,Analista,Melhorar minha carreira e ganhar mais,Instagram,0
1/22/23,2937,Logística,Analista,Melhorar minha carreira e ganhar mais,Instagram,0
1/22/23,2939,Comercial / Vendas,Analista,Melhorar minha carreira e ganhar mais,Instagram,0
1/22/23,2941,Comercial / Vendas,Estudante,Melhorar minha carreira e ganhar mais,Google,0
1/23/23,2946,Logística,Coordenador(a) / Gerente,Melhorar minha carreira e ganhar mais,Instagram,0
1/23/23,2949,Comercial / Vendas,Analista,Apenas ver se agrega algo ao currículo,Instagram,0
1/23/23,2956,Logística,Coordenador(a) / Gerente,Apenas ver se agrega algo ao currículo,Instagram,0
1/23/23,2960,Comercial / Vendas,Analista,Melhorar minha carreira e ganhar mais,Instagram,0
1/23/23,2563,Comercial / Vendas,Analista,Melhorar minha carreira e ganhar mais,Google,1
1/23/23,1965,Pessoas / Recursos Humanos,Analista,Melhorar minha carreira e ganhar mais,Instagram,0
1/23/23,3537,Comercial / Vendas,Estudante,Apenas ver se agrega algo ao currículo,Instagram,0
1/24/23,2965,Logística,Analista,Apenas ver se agrega algo ao currículo,Instagram,0
1/24/23,2971,Comercial / Vendas,Analista,Melhorar minha carreira e ganhar mais,Facebook,0
1/24/23,2991,Comercial / Vendas,Coordenador(a) / Gerente,Melhorar minha carreira e ganhar mais,Instagram,0
1/25/23,2997,Logística,Analista,Apenas ver se agrega algo ao currículo,Instagram,0
1/25/23,3006,Logística,Estudante,Apenas ver se agrega algo ao currículo,Instagram,0
1/25/23,3015,Comercial / Vendas,Analista,Apenas ver se agrega algo ao currículo,Instagram,0
1/25/23,3014,Comercial / Vendas,Analista,Apenas ver se agrega algo ao currículo,Google,0
1/25/23,3027,Logística,Analista,Melhorar minha carreira e ganhar mais,Instagram,0
1/26/23,3031,Logística,Analista,Melhorar minha carreira e ganhar mais,Instagram,0
1/26/23,3033,Comercial / Vendas,Estudante,Apenas ver se agrega algo ao currículo,Indicação,0
1/26/23,3036,Comercial / Vendas,Analista,Apenas ver se agrega algo ao currículo,Conta Salário,0
1/26/23,3044,Comercial / Vendas,Analista,Melhorar minha carreira e ganhar mais,Instagram,0
1/27/23,3053,Logística,Analista,Melhorar minha carreira e ganhar mais,Conta Salário,0
1/27/23,2676,Mercado Financeiro,Estudante,Apenas ver se agrega algo ao currículo,Google,0
1/27/23,3057,Logística,Coordenador(a) / Gerente,Apenas ver se agrega algo ao currículo,Instagram,0
1/27/23,3060,Comercial / Vendas,Estou desempregado(a) no momento,Melhorar minha carreira e ganhar mais,Instagram,1
1/27/23,2704,Comercial / Vendas,Analista,Apenas ver se agrega algo ao currículo,Instagram,0
1/27/23,1700,Logística,Analista,Melhorar minha carreira e ganhar mais,Instagram,0
1/27/23,3069,Pessoas / Recursos Humanos,Estudante,Apenas ver se agrega algo ao currículo,Instagram,0
1/28/23,3106,Comercial / Vendas,Estudante,Apenas ver se agrega algo ao currículo,Facebook,0
1/28/23,3090,Pessoas / Recursos Humanos,Analista,Apenas ver se agrega algo ao currículo,Instagram,0
1/29/23,3102,Comercial / Vendas,Analista,Apenas ver se agrega algo ao currículo,Instagram,0
1/29/23,3113,Comercial / Vendas,Coordenador(a) / Gerente,Apenas ver se agrega algo ao currículo,Instagram,0
1/30/23,3135,Comercial / Vendas,Analista,Melhorar minha carreira e ganhar mais,Instagram,0
1/31/23,3139,Comercial / Vendas,Estou desempregado(a) no momento,Melhorar minha carreira e ganhar mais,Instagram,0
1/31/23,3140,Comercial / Vendas,Estou desempregado(a) no momento,Apenas ver se agrega algo ao currículo,Instagram,0
1/31/23,3143,Comercial / Vendas,Estou desempregado(a) no momento,Apenas ver se agrega algo ao currículo,Instagram,0
1/31/23,3154,Logística,Analista,Apenas ver se agrega algo ao currículo,Instagram,0
1/31/23,3158,Logística,Coordenador(a) / Gerente,Melhorar minha carreira e ganhar mais,Instagram,0
2/1/23,3170,Mercado Financeiro,Estudante,Apenas ver se agrega algo ao currículo,Instagram,0
2/1/23,2265,Logística,Coordenador(a) / Gerente,Apenas ver se agrega algo ao currículo,Indicação,0
2/1/23,3394,Logística,Analista,Apenas ver se agrega algo ao currículo,Instagram,0
2/2/23,3186,Comercial / Vendas,Analista,Apenas ver se agrega algo ao currículo,Instagram,0
2/2/23,3187,Logística,Estou desempregado(a) no momento,Apenas ver se agrega algo ao currículo,Facebook,0
2/3/23,3190,Logística,Analista,Apenas ver se agrega algo ao currículo,Instagram,0
2/3/23,3196,Mercado Financeiro,Analista,Melhorar minha carreira e ganhar mais,Instagram,0
2/3/23,3206,Mercado Financeiro,Coordenador(a) / Gerente,Melhorar minha carreira e ganhar mais,Instagram,0
2/3/23,3281,Pessoas / Recursos Humanos,Coordenador(a) / Gerente,Melhorar minha carreira e ganhar mais,Instagram,0
2/4/23,3213,Comercial / Vendas,Analista,Apenas ver se agrega algo ao currículo,Instagram,0
2/4/23,3361,Logística,Analista,Apenas ver se agrega algo ao currículo,Instagram,0
2/4/23,3345,Comercial / Vendas,Analista,Apenas ver se agrega algo ao currículo,Instagram,1
2/4/23,3227,Logística,Coordenador(a) / Gerente,Apenas ver se agrega algo ao currículo,Instagram,0
2/5/23,3313,Comercial / Vendas,Coordenador(a) / Gerente,Melhorar minha carreira e ganhar mais,Instagram,0
2/5/23,3232,Logística,Estou desempregado(a) no momento,Apenas ver se agrega algo ao currículo,Instagram,0
2/5/23,3236,Comercial / Vendas,Coordenador(a) / Gerente,Melhorar minha carreira e ganhar mais,Instagram,0
2/5/23,3390,Logística,Coordenador(a) / Gerente,Melhorar minha carreira e ganhar mais,Instagram,0
2/6/23,3240,Mercado Financeiro,Coordenador(a) / Gerente,Melhorar minha carreira e ganhar mais,Instagram,0
2/6/23,3640,Comercial / Vendas,Coordenador(a) / Gerente,Melhorar minha carreira e ganhar mais,Instagram,0
2/6/23,1875,Logística,Coordenador(a) / Gerente,Melhorar minha carreira e ganhar mais,Instagram,0
2/7/23,3265,Logística,Analista,Melhorar minha carreira e ganhar mais,Facebook,0
2/7/23,1910,Logística,Coordenador(a) / Gerente,Melhorar minha carreira e ganhar mais,Instagram,0
2/7/23,3277,Comercial / Vendas,Estou desempregado(a) no momento,Melhorar minha carreira e ganhar mais,Instagram,0
2/7/23,3280,Comercial / Vendas,Estudante,Melhorar minha carreira e ganhar mais,Facebook,0
2/8/23,3282,Logística,Coordenador(a) / Gerente,Melhorar minha carreira e ganhar mais,Instagram,0
2/8/23,3358,Logística,Analista,Melhorar minha carreira e ganhar mais,Instagram,0
2/8/23,3284,Logística,Analista,Melhorar minha carreira e ganhar mais,Facebook,0
2/8/23,3307,Comercial / Vendas,Analista,Apenas ver se agrega algo ao currículo,Conta Salário,0
2/8/23,3294,Comercial / Vendas,Coordenador(a) / Gerente,Melhorar minha carreira e ganhar mais,Instagram,0
2/9/23,3302,Logística,Coordenador(a) / Gerente,Apenas ver se agrega algo ao currículo,Instagram,0
2/10/23,3322,Logística,Estudante,Apenas ver se agrega algo ao currículo,Instagram,0
2/10/23,3323,Comercial / Vendas,Analista,Apenas ver se agrega algo ao currículo,Instagram,0
2/10/23,2943,Pessoas / Recursos Humanos,Analista,Apenas ver se agrega algo ao currículo,Instagram,0
2/10/23,2346,Logística,Coordenador(a) / Gerente,Melhorar minha carreira e ganhar mais,Instagram,0
2/10/23,3059,Comercial / Vendas,Estou desempregado(a) no momento,Melhorar minha carreira e ganhar mais,Youtube,0
2/10/23,2951,Comercial / Vendas,Analista,Melhorar minha carreira e ganhar mais,Instagram,1
2/10/23,3332,Logística,Analista,Melhorar minha carreira e ganhar mais,Instagram,0
2/11/23,1824,Logística,Analista,Apenas ver se agrega algo ao currículo,Instagram,0
2/11/23,2919,Comercial / Vendas,Analista,Melhorar minha carreira e ganhar mais,Indicação,1
2/11/23,3346,Comercial / Vendas,Analista,Melhorar minha carreira e ganhar mais,Indicação,0
2/11/23,3367,Comercial / Vendas,Estou desempregado(a) no momento,Apenas ver se agrega algo ao currículo,Instagram,0
2/11/23,3467,Comercial / Vendas,Estudante,Melhorar minha carreira e ganhar mais,Instagram,1
2/11/23,3354,Logística,Coordenador(a) / Gerente,Apenas ver se agrega algo ao currículo,Instagram,0
2/12/23,2279,Comercial / Vendas,Coordenador(a) / Gerente,Apenas ver se agrega algo ao currículo,Instagram,0
2/12/23,3363,Logística,Analista,Melhorar minha carreira e ganhar mais,Facebook,0
2/12/23,3402,Comercial / Vendas,Analista,Apenas ver se agrega algo ao currículo,Instagram,0
2/13/23,1949,Comercial / Vendas,Analista,Apenas ver se agrega algo ao currículo,Facebook,0
2/13/23,3372,Mercado Financeiro,Coordenador(a) / Gerente,Melhorar minha carreira e ganhar mais,Instagram,0
2/13/23,3309,Mercado Financeiro,Estou desempregado(a) no momento,Melhorar minha carreira e ganhar mais,Indicação,1
2/13/23,3380,Logística,Estudante,Apenas ver se agrega algo ao currículo,Facebook,0
2/14/23,3121,Logística,Analista,Melhorar minha carreira e ganhar mais,Instagram,0
2/14/23,3384,Comercial / Vendas,Estudante,Melhorar minha carreira e ganhar mais,Instagram,0
2/14/23,3388,Logística,Coordenador(a) / Gerente,Melhorar minha carreira e ganhar mais,Instagram,0
2/14/23,3271,Comercial / Vendas,Coordenador(a) / Gerente,Melhorar minha carreira e ganhar mais,Instagram,0
2/14/23,3401,Logística,Analista,Melhorar minha carreira e ganhar mais,Instagram,0
2/15/23,3404,Comercial / Vendas,Estudante,Melhorar minha carreira e ganhar mais,Instagram,0
2/15/23,2900,Mercado Financeiro,Analista,Melhorar minha carreira e ganhar mais,Instagram,1
2/15/23,3415,Comercial / Vendas,Estudante,Melhorar minha carreira e ganhar mais,Instagram,0
2/15/23,3421,Mercado Financeiro,Coordenador(a) / Gerente,Melhorar minha carreira e ganhar mais,Instagram,0
2/16/23,3385,Comercial / Vendas,Estudante,Apenas ver se agrega algo ao currículo,Instagram,0
2/17/23,3525,Pessoas / Recursos Humanos,Coordenador(a) / Gerente,Apenas ver se agrega algo ao currículo,Instagram,0
2/17/23,3116,Comercial / Vendas,Analista,Apenas ver se agrega algo ao currículo,Instagram,0
2/17/23,3444,Logística,Coordenador(a) / Gerente,Apenas ver se agrega algo ao currículo,Indicação,0
2/17/23,3451,Comercial / Vendas,Estudante,Melhorar minha carreira e ganhar mais,Youtube,0
2/17/23,3452,Comercial / Vendas,Analista,Apenas ver se agrega algo ao currículo,Instagram,0
2/17/23,3062,Mercado Financeiro,Analista,Melhorar minha carreira e ganhar mais,Youtube,0
2/17/23,2421,Comercial / Vendas,Analista,Apenas ver se agrega algo ao currículo,Instagram,0
2/18/23,1929,Comercial / Vendas,Analista,Melhorar minha carreira e ganhar mais,Instagram,0
2/18/23,3462,Logística,Analista,Melhorar minha carreira e ganhar mais,Facebook,0
2/18/23,1514,Comercial / Vendas,Analista,Melhorar minha carreira e ganhar mais,Instagram,0
2/18/23,3476,Logística,Estou desempregado(a) no momento,Melhorar minha carreira e ganhar mais,Facebook,0
2/18/23,3479,Comercial / Vendas,Estou desempregado(a) no momento,Apenas ver se agrega algo ao currículo,Instagram,0
2/19/23,2849,Logística,Analista,Melhorar minha carreira e ganhar mais,Youtube,0
2/19/23,3487,Logística,Estou desempregado(a) no momento,Apenas ver se agrega algo ao currículo,Instagram,0
2/19/23,3530,Comercial / Vendas,Estou desempregado(a) no momento,Melhorar minha carreira e ganhar mais,Facebook,0
2/19/23,1652,Comercial / Vendas,Estudante,Melhorar minha carreira e ganhar mais,Facebook,0
2/20/23,3181,Comercial / Vendas,Analista,Melhorar minha carreira e ganhar mais,Youtube,0
2/21/23,3448,Logística,Estudante,Melhorar minha carreira e ganhar mais,Instagram,0
2/21/23,3526,Logística,Estudante,Melhorar minha carreira e ganhar mais,Instagram,0
2/22/23,3141,Logística,Analista,Melhorar minha carreira e ganhar mais,Instagram,0
2/22/23,1553,Comercial / Vendas,Coordenador(a) / Gerente,Apenas ver se agrega algo ao currículo,Instagram,0
2/22/23,3582,Logística,Coordenador(a) / Gerente,Melhorar minha carreira e ganhar mais,Instagram,0
2/23/23,2923,Logística,Analista,Apenas ver se agrega algo ao currículo,Instagram,0
2/23/23,3555,Comercial / Vendas,Estudante,Melhorar minha carreira e ganhar mais,Facebook,0
2/23/23,3449,Comercial / Vendas,Analista,Melhorar minha carreira e ganhar mais,Indicação,0
2/23/23,3221,Logística,Coordenador(a) / Gerente,Melhorar minha carreira e ganhar mais,Google,0
2/24/23,3383,Logística,Coordenador(a) / Gerente,Melhorar minha carreira e ganhar mais,Instagram,0
2/24/23,1873,Comercial / Vendas,Coordenador(a) / Gerente,Melhorar minha carreira e ganhar mais,Instagram,0
2/24/23,3296,Comercial / Vendas,Analista,Melhorar minha carreira e ganhar mais,Instagram,0
2/24/23,2681,Logística,Coordenador(a) / Gerente,Melhorar minha carreira e ganhar mais,Instagram,0
2/25/23,2328,Logística,Analista,Apenas ver se agrega algo ao currículo,Instagram,0
2/25/23,3602,Logística,Analista,Melhorar minha carreira e ganhar mais,Instagram,0
2/25/23,3539,Comercial / Vendas,Analista,Melhorar minha carreira e ganhar mais,Instagram,0
2/25/23,3453,Comercial / Vendas,Estudante,Melhorar minha carreira e ganhar mais,Instagram,1
2/25/23,3359,Logística,Analista,Melhorar minha carreira e ganhar mais,Facebook,0
2/25/23,3341,Logística,Coordenador(a) / Gerente,Melhorar minha carreira e ganhar mais,Instagram,0
2/26/23,3612,Logística,Analista,Melhorar minha carreira e ganhar mais,Instagram,0
2/26/23,3614,Logística,Coordenador(a) / Gerente,Melhorar minha carreira e ganhar mais,Instagram,0
2/27/23,3625,Logística,Coordenador(a) / Gerente,Melhorar minha carreira e ganhar mais,Instagram,0
2/27/23,3642,Logística,Estou desempregado(a) no momento,Melhorar minha carreira e ganhar mais,Conta Salário,0
2/27/23,3335,Logística,Coordenador(a) / Gerente,Apenas ver se agrega algo ao currículo,Instagram,0
2/27/23,2656,Logística,Estou desempregado(a) no momento,Apenas ver se agrega algo ao currículo,Instagram,0
2/28/23,3650,Logística,Analista,Melhorar minha carreira e ganhar mais,Instagram,0
2/28/23,2560,Mercado Financeiro,Analista,Melhorar minha carreira e ganhar mais,Instagram,0
2/28/23,2329,Pessoas / Recursos Humanos,Analista,Melhorar minha carreira e ganhar mais,Instagram,0
,,,,,,
,,,,,,
,,,,,,
,,,,,,
,,,,,,
,,,,,,
,,,,,,
,,,,,,
,,,,,,
,,,,,,
,,,,,,
,,,,,,
,,,,,,
,,,,,,
,,,,,,
,,,,,,
,,,,,,
,,,,,,
,,,,,,
,,,,,,
,,,,,,
,,,,,,
,,,,,,
,,,,,,
,,,,,,
,,,,,,
,,,,,,
,,,,,,
,,,,,,
,,,,,,
,,,,,,
,,,,,,